PARAM,AVG_TIME,RUN,FAILED
10,656.960916519165,1,0
10,481.40069127082825,2,0
10,468.6422789096832,3,0
50,9705.932424068451,1,0
50,7965.318698883057,2,0
50,3367.6078498363495,3,0
100,11080.41106548506,1,1
100,5896.220808029175,2,0
100,5546.911252737045,3,0
