PARAM,AVG_TIME,RUN,FAILED
10,170.27308821678162,1,0
10,172.47416615486145,2,0
10,179.00406956672668,3,0
100,523.9153635501862,1,0
100,368.8878607749939,2,0
100,366.42019987106323,3,0
1000,849.8400902748108,1,0
1000,447.59578108787537,2,0
1000,433.4349572658539,3,0
